﻿<?xml version="1.0" encoding="UTF-8"?>
<!-- saved from url=(0014)about:internet -->
<ck><di ky="0" rd="Getting_Started/AboutTheImageNowHelpSystem.htm|About the help system" ct=""/><di ky="1" rd="Getting_Started/ContactTechnicalSupport.htm|Contact Product Support" ct=""/><di ky="2" rd="Getting_Started/CopyrightAttributions.htm|Copyright" ct=""/><di ky="3" rd="Getting_Started/IntegrationServerLicensing.htm|About Integration Server licensing" ct=""/><di ky="4" rd="Operations/Capture_Group/AboutTheCaptureGroupResource.htm|About the Capture Group resource" ct=""/><di ky="5" rd="Operations/Capture_Group/CaptureGroupResourceCalls.htm|Capture Group resource calls" ct=""/><di ky="6" rd="Operations/Capture_Group/POSTcaptureGroup.htm|POST: /captureGroup" ct=""/><di ky="7" rd="Operations/Capture_Group/POSTcaptureGroupIdPage.htm|POST: /captureGroup/{id}/page" ct=""/><di ky="8" rd="Operations/Capture_Group/PUTcaptureGroupId.htm|PUT: /captureGroup/{id}" ct=""/><di ky="9" rd="Operations/Capture_Profile/CaptureProfileResourceCalls.htm|Capture Profile resource calls" ct=""/><di ky="10" rd="Operations/Capture_Profile/GETcaptureProfile.htm|GET: /captureProfile" ct=""/><di ky="11" rd="Operations/Capture_Profile/GETcaptureProfileApplicationPlanItemListId.htm|GET: /captureProfile/applicationPlan/itemList/{id}" ct=""/><di ky="12" rd="Operations/Capture_Profile/GETcaptureProfileId.htm|GET: /captureProfile/{id}" ct=""/><di ky="13" rd="Operations/Capture_Source_Profile/CaptureSourceProfileCalls.htm|Capture Source Profile resource calls" ct=""/><di ky="14" rd="Operations/Capture_Source_Profile/GETcaptureSourceProfileId.htm|GET: /captureSourceProfile/{id}" ct=""/><di ky="15" rd="Operations/Connection/ConnectionResourceCalls.htm|Connection resource calls" ct=""/><di ky="16" rd="Operations/Connection/DELETEconnection.htm|DELETE: /connection" ct=""/><di ky="17" rd="Operations/Connection/GETconnection.htm|GET: /connection" ct=""/><di ky="18" rd="Operations/Digital_ID/DigitalIdResourceCalls.htm|Digital ID resource calls" ct=""/><di ky="19" rd="Operations/Digital_ID/GETdigitalIdValidity.htm|GET: /digitalId/validity" ct=""/><di ky="20" rd="Operations/Digital_ID/POSTdigitalId.htm|POST: /digitalId" ct=""/><di ky="21" rd="Operations/Document/DELETEdocumentId.htm|DELETE: /document/{id}" ct=""/><di ky="22" rd="Operations/Document/DocumentResourceCalls.htm|Document resource calls" ct=""/><di ky="23" rd="Operations/Document/GETdocumentId.htm|GET: /document/{id}" ct=""/><di ky="24" rd="Operations/Document/GETdocumentIdDigitalSignatures.htm|GET: /document/{id}/digitalSignature" ct=""/><di ky="25" rd="Operations/Document/GETdocumentIdPage.htm|GET: /document/{id}/page" ct=""/><di ky="26" rd="Operations/Document/GETdocumentIdPageLogobIdThumbnail.htm|GET: /document/{id}/page/{pageId}/thumbnail" ct=""/><di ky="27" rd="Operations/Document/GETdocumentIdPagePageIdFile.htm|GET: /document/{id}/page/{pageId}/file" ct=""/><di ky="28" rd="Operations/Document/GETdocumentIdPagePageIdPreview.htm|GET: /document/{id}/page/{pageId}/preview" ct=""/><di ky="29" rd="Operations/Document/HEADdocumentIdPageLogobIdThumbnail.htm|HEAD: /document/{id}/page/{pageId}/thumbnail" ct=""/><di ky="30" rd="Operations/Document/HEADdocumentIdPagePageIdFile.htm|HEAD: /document/{id}/page/{pageId}/file" ct=""/><di ky="31" rd="Operations/Document/HEADdocumentIdPagePageIdPreview.htm|HEAD: /document/{id}/page/{pageId}/preview" ct=""/><di ky="32" rd="Operations/Document/POSTdocument.htm|POST: /document" ct=""/><di ky="33" rd="Operations/Document/POSTdocumentIdCopy.htm|POST: /document/{id}/copy" ct=""/><di ky="34" rd="Operations/Document/POSTdocumentIdPage.htm|POST: /document/{id}/page" ct=""/><di ky="35" rd="Operations/Document/PUTdocumentDocId.htm|PUT: /document/{id}" ct=""/><di ky="36" rd="Operations/Document/PUTdocumentIdName.htm|PUT: /document/{id}/name" ct=""/><di ky="37" rd="Operations/Document_Type/DocumentTypeResourceCalls.htm|Document Type resource calls" ct=""/><di ky="38" rd="Operations/Document_Type/GETdocumentType.htm|GET: /documentType" ct=""/><di ky="39" rd="Operations/Document_Type/GETdocumentTypeId.htm|GET: /documentType/{id}" ct=""/><di ky="40" rd="Operations/Document_Type_List/DocumentTypeListResourceCalls.htm|Document Type List resource calls" ct=""/><di ky="41" rd="Operations/Document_Type_List/GETdocumentTypeList.htm|GET: /documentTypeList" ct=""/><di ky="42" rd="Operations/Document_Type_List/GETdocumentTypeListId.htm|GET: /documentTypeList/{id}" ct=""/><di ky="43" rd="Operations/Drawer/DrawerResourceCalls.htm|Drawer resource calls" ct=""/><di ky="44" rd="Operations/Drawer/GETdrawer.htm|GET: /drawer" ct=""/><di ky="45" rd="Operations/Drawer/GETdrawerId.htm|GET: /drawer/{id}" ct=""/><di ky="46" rd="Operations/Drawer/POSTdrawerIdContent.htm|POST: /drawer/{id}/content" ct=""/><di ky="47" rd="Operations/Folder/DELETEfolderId.htm|DELETE: /folder/{id}" ct=""/><di ky="48" rd="Operations/Folder/FolderResourceCalls.htm|Folder resource calls" ct=""/><di ky="49" rd="Operations/Folder/GETfolderId.htm|GET: /folder/{id}" ct=""/><di ky="50" rd="Operations/Folder/POSTfolder.htm|POST: /folder" ct=""/><di ky="51" rd="Operations/Folder/POSTfolderIdContent.htm|POST: /folder/{id}/content" ct=""/><di ky="52" rd="Operations/Folder/POSTfolderSearchResult.htm|POST: /folder/searchResult" ct=""/><di ky="53" rd="Operations/Folder/PUTfolderId.htm|PUT: /folder/{id}" ct=""/><di ky="54" rd="Operations/Folder/PUTfolderIdName.htm|PUT: /folder/{id}/name" ct=""/><di ky="55" rd="Operations/Folder_Type/FolderTypeResourceCalls.htm|Folder Type resource calls" ct=""/><di ky="56" rd="Operations/Folder_Type/GETfolderType.htm|GET: /folderType" ct=""/><di ky="57" rd="Operations/Folder_Type/GETfolderTypeId.htm|GET: /folderType/{id}" ct=""/><di ky="58" rd="Operations/Form/FormResourceCalls.htm|Form resource calls" ct=""/><di ky="59" rd="Operations/Form/GETform.htm|GET: /form" ct=""/><di ky="60" rd="Operations/Form/GETformId.htm|GET: /form/{id}" ct=""/><di ky="61" rd="Operations/Form/GETformIdDocumentDocId.htm|GET: /form/{id}/document/{docId}" ct=""/><di ky="62" rd="Operations/Form/GETformIdFolderFolderId.htm|GET: /form/{id}/folder/{folderId}" ct=""/><di ky="63" rd="Operations/Form/GETformIdPresentation.htm|GET: /form/{id}/presentation" ct=""/><di ky="64" rd="Operations/Form/GETformIdPresentationPresentationId.htm|GET: /form/{id}/presentation/{presentationId}" ct=""/><di ky="65" rd="Operations/Form/GETformIdPresentationPresentationIdFileFileId.htm|GET: /form/{id}/presentation/{presentationId}/file/{fileId}" ct=""/><di ky="66" rd="Operations/Form/PUTformIdDocumentDocId.htm|PUT: /form/{id}/document/{docId}" ct=""/><di ky="67" rd="Operations/Form/PUTformIdFolderFolderId.htm|PUT: /form/{id}/folder/{folderId}" ct=""/><di ky="68" rd="Operations/License_Group/GETlicenseGroup.htm|GET: /licenseGroup" ct=""/><di ky="69" rd="Operations/License_Group/LicenseGroupResourceCalls.htm|License Group resource calls" ct=""/><di ky="70" rd="Operations/Property/GETproperty.htm|GET: /property" ct=""/><di ky="71" rd="Operations/Property/GETpropertyId.htm|GET: /property/{id}" ct=""/><di ky="72" rd="Operations/Property/PropertyResourceCalls.htm|Property resource calls" ct=""/><di ky="73" rd="Operations/Reason_List/GETreasonListIdReason.htm|GET: /reasonList/{id}/reason" ct=""/><di ky="74" rd="Operations/Reason_List/ReasonListResourceCalls.htm|Reason List resource calls" ct=""/><di ky="75" rd="Operations/ServerAction/POSTserverAction.htm|POST: /serverAction" ct=""/><di ky="76" rd="Operations/ServerAction/ServerActionResourceCalls.htm|Server Action resource calls" ct=""/><di ky="77" rd="Operations/Task/GETtaskId.htm|GET: /task/{id}" ct=""/><di ky="78" rd="Operations/Task/GETtaskIdComment.htm|GET: /task/{id}/comment" ct=""/><di ky="79" rd="Operations/Task/POSTtaskIdComment.htm|POST: /task/{id}/comment" ct=""/><di ky="80" rd="Operations/Task/POSTtaskIdCompleteAction.htm|POST: /task/{id}/completeAction" ct=""/><di ky="81" rd="Operations/Task/POSTtaskIdReturnAction.htm|POST: /task/{id}/returnAction" ct=""/><di ky="82" rd="Operations/Task/TaskResourceCalls.htm|Task resource calls" ct=""/><di ky="83" rd="Operations/User/GETuser.htm|GET: /user" ct=""/><di ky="84" rd="Operations/User/GETuserGroup.htm|GET: /user/group" ct=""/><di ky="85" rd="Operations/User/UserResourceCalls.htm|User resource calls" ct=""/><di ky="86" rd="Operations/View/GETview.htm|GET: /view" ct=""/><di ky="87" rd="Operations/View/GETviewId.htm|GET: /view/{id}" ct=""/><di ky="88" rd="Operations/View/POSTviewIdRefreshResult.htm|POST: /view/{id}/refreshResult" ct=""/><di ky="89" rd="Operations/View/POSTviewIdResult.htm|POST: /view/{id}/result" ct=""/><di ky="90" rd="Operations/View/POSTviewViewIdFilterFilterIdResult.htm|POST: /view/{viewId}/filter/{filterId}/result" ct=""/><di ky="91" rd="Operations/View/ViewResourceCalls.htm|View resource calls" ct=""/><di ky="92" rd="Operations/Workflow_Item/DELETEworkflowItemId.htm|DELETE: /workflowItem/{id}" ct=""/><di ky="93" rd="Operations/Workflow_Item/GETworkflowItemId.htm|GET: /workflowItem/{id}" ct=""/><di ky="94" rd="Operations/Workflow_Item/POSTworkflowItem.htm|POST: /workflowItem" ct=""/><di ky="95" rd="Operations/Workflow_Item/POSTworkflowItemIdRoutingAction.htm|POST: workflowItem/{id}/routingAction" ct=""/><di ky="96" rd="Operations/Workflow_Item/PUTworkflowItemIdHold.htm|PUT: /workflowItem/{id}/hold" ct=""/><di ky="97" rd="Operations/Workflow_Item/PUTworkflowItemIdState.htm|PUT: /workflowItem/{id}/state" ct=""/><di ky="98" rd="Operations/Workflow_Item/WorkflowItemResourceCalls.htm|Workflow Item resource calls" ct=""/><di ky="99" rd="Operations/Workflow_Queue/GETqueue.htm|GET: /workflowQueue" ct=""/><di ky="100" rd="Operations/Workflow_Queue/GETqueueId.htm|GET: /workflowQueue/{id}" ct=""/><di ky="101" rd="Operations/Workflow_Queue/GETqueueIdForwardRoute.htm|GET: /workflowQueue/{id}/forwardRoute" ct=""/><di ky="102" rd="Operations/Workflow_Queue/GETworkflowQueueIdForm.htm|GET: /workflowQueue/{id}/form" ct=""/><di ky="103" rd="Operations/Workflow_Queue/WorkflowQueueResourceCalls.htm|Workflow Queue resource calls" ct=""/><di ky="104" rd="Properties/PropertyTypesAndEnumerations.htm|Property types and enumerations" ct=""/><di ky="105" rd="Reference/CommonRequestHeaders.htm|Request headers" ct=""/><di ky="106" rd="Reference/DataTypes.htm|Data types" ct=""/><di ky="107" rd="Reference/ErrorMessages.htm|Error messages" ct=""/><di ky="108" rd="Reference/ResponseHeadersStatusCodes.htm|Response headers and status codes" ct=""/><di ky="109" rd="VSL/VSLCommands.htm|VSL property constraints" ct=""/><di ky="110" rd="VSL/VSLStatementSyntax.htm|VSL statement syntax" ct=""/><di ky="111" rd="VSL/WhatIsVSL.htm|What is VSL?" ct=""/><di ky="112" rd="WhatIsIntegrationServer.htm|What is Integration Server?" ct=""/></ck>
