﻿<?xml version='1.0' encoding='utf-8' ?>
<!-- saved from url=(0014)about:internet -->
<indexdata>
<key name="about Integration Server" >
  <topic name="What is Integration Server?" url="WhatIsIntegrationServer.htm" />
</key>
<key name="Boolean" >
  <topic name="Data types" url="Reference/DataTypes.htm" />
</key>
<key name="capture pages" >
  <topic name="About the Capture Group resource" url="Operations/Capture_Group/AboutTheCaptureGroupResource.htm" />
</key>
<key name="copyright" >
  <topic name="Copyright and trademark attributions" url="Getting_Started/CopyrightAttributions.htm" />
</key>
<key name="data types" >
  <topic name="Data types" url="Reference/DataTypes.htm" />
</key>
<key name="DELETE" >
  <key name="connection" >
    <topic name="DELETE: /connection" url="Operations/Connection/DELETEconnection.htm" />
  </key>
  <key name="document" >
    <topic name="DELETE: /document/{id}" url="Operations/Document/DELETEdocumentId.htm" />
  </key>
  <key name="folder" >
    <topic name="DELETE: /folder/{id}" url="Operations/Folder/DELETEfolderId.htm" />
  </key>
  <key name="workflow item" >
    <topic name="DELETE: /workflowItem/{id}" url="Operations/Workflow_Item/DELETEworkflowItemId.htm" />
  </key>
</key>
<key name="enumeration" >
  <topic name="Data types" url="Reference/DataTypes.htm" />
</key>
<key name="GET" >
  <key name="capture profile" >
    <topic name="GET: /captureProfile/{id}" url="Operations/Capture_Profile/GETcaptureProfileId.htm" />
  </key>
  <key name="capture profiles list" >
    <topic name="GET: /captureProfile" url="Operations/Capture_Profile/GETcaptureProfile.htm" />
  </key>
  <key name="capture source profile list" >
    <topic name="GET: /captureSourceProfile/{id}" url="Operations/Capture_Source_Profile/GETcaptureSourceProfileId.htm" />
  </key>
  <key name="connection" >
    <topic name="GET: /connection" url="Operations/Connection/GETconnection.htm" />
  </key>
  <key name="context map item list" >
    <topic name="GET: /captureProfile/applicationPlan/itemList/{id}" url="Operations/Capture_Profile/GETcaptureProfileApplicationPlanItemListId.htm" />
  </key>
  <key name="digital ID validity" >
    <topic name="GET: /digitalId/validity" url="Operations/Digital_ID/GETdigitalIdValidity.htm" />
  </key>
  <key name="document" >
    <topic name="GET: /document/{id}" url="Operations/Document/GETdocumentId.htm" />
  </key>
  <key name="document digital signature" >
    <topic name="GET: /document/{id}/digitalSignature" url="Operations/Document/GETdocumentIdDigitalSignatures.htm" />
  </key>
  <key name="document form data" >
    <topic name="GET: /form/{id}/document/{docId}" url="Operations/Form/GETformIdDocumentDocId.htm" />
  </key>
  <key name="document page" >
    <topic name="GET: /document/{id}/page" url="Operations/Document/GETdocumentIdPage.htm" />
  </key>
  <key name="document type" >
    <topic name="GET: /documentType/{id}" url="Operations/Document_Type/GETdocumentTypeId.htm" />
  </key>
  <key name="document type list" >
    <topic name="GET: /documentTypeList/{id}" url="Operations/Document_Type_List/GETdocumentTypeListId.htm" />
  </key>
  <key name="document type lists list" >
    <topic name="GET: /documentTypeList" url="Operations/Document_Type_List/GETdocumentTypeList.htm" />
  </key>
  <key name="document types list" >
    <topic name="GET: /documentType" url="Operations/Document_Type/GETdocumentType.htm" />
  </key>
  <key name="drawer" >
    <topic name="GET: /drawer/{id}" url="Operations/Drawer/GETdrawerId.htm" />
  </key>
  <key name="drawers list" >
    <topic name="GET: /drawer" url="Operations/Drawer/GETdrawer.htm" />
  </key>
  <key name="folder" >
    <topic name="GET: /folder/{id}" url="Operations/Folder/GETfolderId.htm" />
  </key>
  <key name="folder form data" >
    <topic name="GET: /form/{id}/folder/{folderId}" url="Operations/Form/GETformIdFolderFolderId.htm" />
  </key>
  <key name="folder type" >
    <topic name="GET: /folderType/{id}" url="Operations/Folder_Type/GETfolderTypeId.htm" />
  </key>
  <key name="folder types list" >
    <topic name="GET: /folderType" url="Operations/Folder_Type/GETfolderType.htm" />
  </key>
  <key name="form" >
    <topic name="GET: /form/{id}" url="Operations/Form/GETformId.htm" />
  </key>
  <key name="form presentation" >
    <topic name="GET: /form/{id}/presentation/{presentationId}" url="Operations/Form/GETformIdPresentationPresentationId.htm" />
  </key>
  <key name="form presentation files" >
    <topic name="GET: /form/{id}/presentation/{presentationId}/file/{fileId}" url="Operations/Form/GETformIdPresentationPresentationIdFileFileId.htm" />
  </key>
  <key name="form presentations list" >
    <topic name="GET: /form/{id}/presentation" url="Operations/Form/GETformIdPresentation.htm" />
  </key>
  <key name="forms list" >
    <topic name="GET: /form" url="Operations/Form/GETform.htm" />
  </key>
  <key name="license group" >
    <topic name="GET: /licenseGroup" url="Operations/License_Group/GETlicenseGroup.htm" />
  </key>
  <key name="page file" >
    <topic name="GET: /document/{id}/page/{pageId}/file" url="Operations/Document/GETdocumentIdPagePageIdFile.htm" />
  </key>
  <key name="page preview" >
    <topic name="GET: /document/{id}/page/{pageId}/preview" url="Operations/Document/GETdocumentIdPagePageIdPreview.htm" />
  </key>
  <key name="page thumbnail" >
    <topic name="GET: /document/{id}/page/{pageId}/thumbnail" url="Operations/Document/GETdocumentIdPageLogobIdThumbnail.htm" />
  </key>
  <key name="POST: /serverAction" >
    <topic name="POST: /serverAction" url="Operations/ServerAction/POSTserverAction.htm" />
  </key>
  <key name="properties list" >
    <topic name="GET: /property" url="Operations/Property/GETproperty.htm" />
  </key>
  <key name="property" >
    <topic name="GET: /property/{id}" url="Operations/Property/GETpropertyId.htm" />
  </key>
  <key name="reason list" >
    <topic name="GET: /reasonList/{id}/reason" url="Operations/Reason_List/GETreasonListIdReason.htm" />
  </key>
  <key name="task" >
    <topic name="GET: /task/{id}" url="Operations/Task/GETtaskId.htm" />
  </key>
  <key name="task comments" >
    <topic name="GET: /task/{id}/comment" url="Operations/Task/GETtaskIdComment.htm" />
  </key>
  <key name="user groups" >
    <topic name="GET: /user/group" url="Operations/User/GETuserGroup.htm" />
  </key>
  <key name="users" >
    <topic name="GET: /user" url="Operations/User/GETuser.htm" />
  </key>
  <key name="view" >
    <topic name="GET: /view/{id}" url="Operations/View/GETviewId.htm" />
  </key>
  <key name="views list" >
    <topic name="GET: /view" url="Operations/View/GETview.htm" />
  </key>
  <key name="workflow item" >
    <topic name="GET: /workflowItem/{id}" url="Operations/Workflow_Item/GETworkflowItemId.htm" />
  </key>
  <key name="workflow queue" >
    <topic name="GET: /workflowQueue/{id}" url="Operations/Workflow_Queue/GETqueueId.htm" />
  </key>
  <key name="workflow queue forms" >
    <topic name="GET: /workflowQueue/{id}/form" url="Operations/Workflow_Queue/GETworkflowQueueIdForm.htm" />
  </key>
  <key name="workflow queue forward routes" >
    <topic name="GET: /workflowQueue/{id}/forwardRoute" url="Operations/Workflow_Queue/GETqueueIdForwardRoute.htm" />
  </key>
  <key name="workflow queues list" >
    <topic name="GET: /workflowQueue" url="Operations/Workflow_Queue/GETqueue.htm" />
  </key>
</key>
<key name="HEAD" >
  <key name="HEAD: /document/{id}/page/{pageId}/file" >
    <topic name="HEAD: /document/{id}/page/{pageId}/file" url="Operations/Document/HEADdocumentIdPagePageIdFile.htm" />
  </key>
  <key name="HEAD: /document/{id}/page/{pageId}/preview" >
    <topic name="HEAD: /document/{id}/page/{pageId}/preview" url="Operations/Document/HEADdocumentIdPagePageIdPreview.htm" />
  </key>
  <key name="HEAD: /document/{id}/page/{pageId}/thumbnail" >
    <topic name="HEAD: /document/{id}/page/{pageId}/thumbnail" url="Operations/Document/HEADdocumentIdPageLogobIdThumbnail.htm" />
  </key>
</key>
<key name="help" >
  <topic name="About using the ImageNow Help system" url="Getting_Started/AboutTheImageNowHelpSystem.htm" />
  <topic name="Contact Product Support" url="Getting_Started/ContactTechnicalSupport.htm" />
</key>
<key name="Integer" >
  <topic name="Data types" url="Reference/DataTypes.htm" />
</key>
<key name="licensing" >
  <topic name="About Integration Server licensing" url="Getting_Started/IntegrationServerLicensing.htm" />
</key>
<key name="Long" >
  <topic name="Data types" url="Reference/DataTypes.htm" />
</key>
<key name="POST" >
  <key name="capture group" >
    <topic name="POST: /captureGroup" url="Operations/Capture_Group/POSTcaptureGroup.htm" />
  </key>
  <key name="capture group page" >
    <topic name="POST: /captureGroup/{id}/page" url="Operations/Capture_Group/POSTcaptureGroupIdPage.htm" />
  </key>
  <key name="digital ID" >
    <topic name="POST: /digitalId" url="Operations/Digital_ID/POSTdigitalId.htm" />
  </key>
  <key name="document" >
    <topic name="POST: /document" url="Operations/Document/POSTdocument.htm" />
  </key>
  <key name="document copy" >
    <topic name="POST: /document/{id}/copy" url="Operations/Document/POSTdocumentIdCopy.htm" />
  </key>
  <key name="document page" >
    <topic name="POST: /document/{id}/page" url="Operations/Document/POSTdocumentIdPage.htm" />
  </key>
  <key name="folder" >
    <topic name="POST: /folder" url="Operations/Folder/POSTfolder.htm" />
  </key>
  <key name="folder content" >
    <topic name="POST: /folder/{id}/content" url="Operations/Folder/POSTfolderIdContent.htm" />
  </key>
  <key name="folder search result" >
    <topic name="POST: /folder/searchResult" url="Operations/Folder/POSTfolderSearchResult.htm" />
  </key>
  <key name="server action" >
    <topic name="POST: /serverAction" url="Operations/ServerAction/POSTserverAction.htm" />
  </key>
  <key name="task complete action" >
    <topic name="POST: /task/{id}/completeAction" url="Operations/Task/POSTtaskIdCompleteAction.htm" />
  </key>
  <key name="task return action" >
    <topic name="POST: /task/{id}/returnAction" url="Operations/Task/POSTtaskIdReturnAction.htm" />
  </key>
  <key name="view result" >
    <topic name="POST: /view/{id}/result" url="Operations/View/POSTviewIdResult.htm" />
  </key>
  <key name="view result rows" >
    <topic name="POST: /view/{viewId}/filter/{filterId}/result" url="Operations/View/POSTviewViewIdFilterFilterIdResult.htm" />
  </key>
  <key name="workflow item" >
    <topic name="POST: /workflowItem" url="Operations/Workflow_Item/POSTworkflowItem.htm" />
  </key>
  <key name="workflow item routing action" >
    <topic name="POST: workflowItem/{id}/routingAction" url="Operations/Workflow_Item/POSTworkflowItemIdRoutingAction.htm" />
  </key>
</key>
<key name="Product Support" >
  <topic name="Contact Product Support" url="Getting_Started/ContactTechnicalSupport.htm" />
</key>
<key name="PUT" >
  <key name="capture group" >
    <topic name="PUT: /captureGroup/{id}" url="Operations/Capture_Group/PUTcaptureGroupId.htm" />
  </key>
  <key name="document" >
    <topic name="PUT: /document/{id}" url="Operations/Document/PUTdocumentDocId.htm" />
  </key>
  <key name="document name update" >
    <topic name="PUT: /document/{id}/name" url="Operations/Document/PUTdocumentIdName.htm" />
  </key>
  <key name="folder" >
    <topic name="PUT: /folder/{id}" url="Operations/Folder/PUTfolderId.htm" />
  </key>
  <key name="folder name update" >
    <topic name="PUT: /folder/{id}/name" url="Operations/Folder/PUTfolderIdName.htm" />
  </key>
  <key name="form data for a document" >
    <topic name="PUT: /form/{id}/document/{docId}" url="Operations/Form/PUTformIdDocumentDocId.htm" />
  </key>
  <key name="form data to a folder" >
    <topic name="PUT: /form/{id}/folder/{folderId}" url="Operations/Form/PUTformIdFolderFolderId.htm" />
  </key>
  <key name="workflow item hold" >
    <topic name="PUT: /workflowItem/{id}/hold" url="Operations/Workflow_Item/PUTworkflowItemIdHold.htm" />
  </key>
  <key name="workflow item state" >
    <topic name="PUT: /workflowItem/{id}/state" url="Operations/Workflow_Item/PUTworkflowItemIdState.htm" />
  </key>
</key>
<key name="string" >
  <topic name="Data types" url="Reference/DataTypes.htm" />
</key>
<key name="support" >
  <topic name="Contact Product Support" url="Getting_Started/ContactTechnicalSupport.htm" />
</key>
<key name="technical support" >
  <topic name="Contact Product Support" url="Getting_Started/ContactTechnicalSupport.htm" />
</key>
<key name="trademark" >
  <topic name="Copyright and trademark attributions" url="Getting_Started/CopyrightAttributions.htm" />
</key>
<key name="types of data" >
  <topic name="Data types" url="Reference/DataTypes.htm" />
</key>
<key name="VSL" >
  <key name="about" >
    <topic name="What is VSL?" url="VSL/WhatIsVSL.htm" />
  </key>
  <key name="property constraints" >
    <topic name="VSL property constraints" url="VSL/VSLCommands.htm" />
  </key>
  <key name="syntax" >
    <topic name="VSL statement syntax" url="VSL/VSLStatementSyntax.htm" />
  </key>
</key>

</indexdata>
