﻿<?xml version='1.0' encoding='utf-8' ?>
<!-- saved from url=(0014)about:internet -->
<tocdata>
<item name="What is Integration Server?" url="WhatIsIntegrationServer.htm" />
<book name="Getting Started" >
  <item name="About Integration Server licensing" url="Getting_Started/IntegrationServerLicensing.htm" />
  <item name="About the help system" url="Getting_Started/AboutTheImageNowHelpSystem.htm" />
  <item name="Copyright" url="Getting_Started/CopyrightAttributions.htm" />
  <item name="Contact Product Support" url="Getting_Started/ContactTechnicalSupport.htm" />
</book>
<book name="Operations" >
  <book name="Capture Group" >
    <item name="About the Capture Group resource" url="Operations/Capture_Group/AboutTheCaptureGroupResource.htm" />
    <item name="Capture Group resource calls" url="Operations/Capture_Group/CaptureGroupResourceCalls.htm" />
    <item name="POST: /captureGroup" url="Operations/Capture_Group/POSTcaptureGroup.htm" />
    <item name="POST: /captureGroup/{id}/page" url="Operations/Capture_Group/POSTcaptureGroupIdPage.htm" />
    <item name="PUT: /captureGroup/{id}" url="Operations/Capture_Group/PUTcaptureGroupId.htm" />
  </book>
  <book name="Capture Profile" >
    <item name="Capture Profile resource calls" url="Operations/Capture_Profile/CaptureProfileResourceCalls.htm" />
    <item name="GET: /captureProfile" url="Operations/Capture_Profile/GETcaptureProfile.htm" />
    <item name="GET: /captureProfile/{id}" url="Operations/Capture_Profile/GETcaptureProfileId.htm" />
    <item name="GET: /captureProfile/applicationPlan/itemList/{id}" url="Operations/Capture_Profile/GETcaptureProfileApplicationPlanItemListId.htm" />
  </book>
  <book name="Capture Source Profile" >
    <item name="Capture Source Profile resource calls" url="Operations/Capture_Source_Profile/CaptureSourceProfileCalls.htm" />
    <item name="GET: /captureSourceProfile/{id}" url="Operations/Capture_Source_Profile/GETcaptureSourceProfileId.htm" />
  </book>
  <book name="Connection" >
    <item name="Connection resource calls" url="Operations/Connection/ConnectionResourceCalls.htm" />
    <item name="DELETE: /connection" url="Operations/Connection/DELETEconnection.htm" />
    <item name="GET: /connection" url="Operations/Connection/GETconnection.htm" />
  </book>
  <book name="Digital ID" >
    <item name="Digital ID resource calls" url="Operations/Digital_ID/DigitalIdResourceCalls.htm" />
    <item name="GET: /digitalId/validity" url="Operations/Digital_ID/GETdigitalIdValidity.htm" />
    <item name="POST: /digitalId" url="Operations/Digital_ID/POSTdigitalId.htm" />
  </book>
  <book name="Document" >
    <item name="Document resource calls" url="Operations/Document/DocumentResourceCalls.htm" />
    <item name="DELETE: /document/{id}" url="Operations/Document/DELETEdocumentId.htm" />
    <item name="GET: /document/{id}" url="Operations/Document/GETdocumentId.htm" />
    <item name="GET: /document/{id}/page" url="Operations/Document/GETdocumentIdPage.htm" />
    <item name="GET: /document/{id}/digitalSignature" url="Operations/Document/GETdocumentIdDigitalSignatures.htm" />
    <item name="GET: /document/{id}/page/{pageId}/file" url="Operations/Document/GETdocumentIdPagePageIdFile.htm" />
    <item name="GET: /document/{id}/page/{pageId}/preview" url="Operations/Document/GETdocumentIdPagePageIdPreview.htm" />
    <item name="GET: /document/{id}/page/{pageId}/thumbnail" url="Operations/Document/GETdocumentIdPageLogobIdThumbnail.htm" />
    <item name="HEAD: /document/{id}/page/{pageId}/file" url="Operations/Document/HEADdocumentIdPagePageIdFile.htm" />
    <item name="HEAD: /document/{id}/page/{pageId}/preview" url="Operations/Document/HEADdocumentIdPagePageIdPreview.htm" />
    <item name="HEAD: /document/{id}/page/{pageId}/thumbnail" url="Operations/Document/HEADdocumentIdPageLogobIdThumbnail.htm" />
    <item name="POST: /document" url="Operations/Document/POSTdocument.htm" />
    <item name="POST: /document/{id}/page" url="Operations/Document/POSTdocumentIdPage.htm" />
    <item name="POST: /document/{id}/copy" url="Operations/Document/POSTdocumentIdCopy.htm" />
    <item name="PUT: /document/{id}" url="Operations/Document/PUTdocumentDocId.htm" />
    <item name="PUT: /document/{id}/name" url="Operations/Document/PUTdocumentIdName.htm" />
  </book>
  <book name="Document Type" >
    <item name="Document Type resource calls" url="Operations/Document_Type/DocumentTypeResourceCalls.htm" />
    <item name="GET: /documentType" url="Operations/Document_Type/GETdocumentType.htm" />
    <item name="GET: /documentType/{id}" url="Operations/Document_Type/GETdocumentTypeId.htm" />
  </book>
  <book name="Document Type List" >
    <item name="Document Type List resource calls" url="Operations/Document_Type_List/DocumentTypeListResourceCalls.htm" />
    <item name="GET: /documentTypeList" url="Operations/Document_Type_List/GETdocumentTypeList.htm" />
    <item name="GET: /documentTypeList/{id}" url="Operations/Document_Type_List/GETdocumentTypeListId.htm" />
  </book>
  <book name="Drawer" >
    <item name="Drawer resource calls" url="Operations/Drawer/DrawerResourceCalls.htm" />
    <item name="GET: /drawer" url="Operations/Drawer/GETdrawer.htm" />
    <item name="GET: /drawer/{id}" url="Operations/Drawer/GETdrawerId.htm" />
    <item name="POST: /drawer/{id}/content" url="Operations/Drawer/POSTdrawerIdContent.htm" />
  </book>
  <book name="Folder" >
    <item name="Folder resource calls" url="Operations/Folder/FolderResourceCalls.htm" />
    <item name="DELETE: /folder/{id}" url="Operations/Folder/DELETEfolderId.htm" />
    <item name="GET: /folder/{id}" url="Operations/Folder/GETfolderId.htm" />
    <item name="POST: /folder" url="Operations/Folder/POSTfolder.htm" />
    <item name="POST: /folder/{id}/content" url="Operations/Folder/POSTfolderIdContent.htm" />
    <item name="POST: /folder/searchResult" url="Operations/Folder/POSTfolderSearchResult.htm" />
    <item name="PUT: /folder/{id}" url="Operations/Folder/PUTfolderId.htm" />
    <item name="PUT: /folder/{id}/name" url="Operations/Folder/PUTfolderIdName.htm" />
  </book>
  <book name="Folder Type" >
    <item name="Folder Type resource calls" url="Operations/Folder_Type/FolderTypeResourceCalls.htm" />
    <item name="GET: /folderType" url="Operations/Folder_Type/GETfolderType.htm" />
    <item name="GET: /folderType/{id}" url="Operations/Folder_Type/GETfolderTypeId.htm" />
  </book>
  <book name="Form" >
    <item name="Form resource calls" url="Operations/Form/FormResourceCalls.htm" />
    <item name="GET: /form" url="Operations/Form/GETform.htm" />
    <item name="GET: /form/{id}" url="Operations/Form/GETformId.htm" />
    <item name="GET: /form/{id}/document/{docId}" url="Operations/Form/GETformIdDocumentDocId.htm" />
    <item name="GET: /form/{id}/folder/{folderId}" url="Operations/Form/GETformIdFolderFolderId.htm" />
    <item name="GET: /form/{id}/presentation" url="Operations/Form/GETformIdPresentation.htm" />
    <item name="GET: /form/{id}/presentation/{presentationId}" url="Operations/Form/GETformIdPresentationPresentationId.htm" />
    <item name="GET: /form/{id}/presentation/{presentationId}/file/{fileId}" url="Operations/Form/GETformIdPresentationPresentationIdFileFileId.htm" />
    <item name="PUT: /form/{id}/document/{docId}" url="Operations/Form/PUTformIdDocumentDocId.htm" />
    <item name="PUT: /form/{id}/folder/{folderId}" url="Operations/Form/PUTformIdFolderFolderId.htm" />
  </book>
  <book name="License Group" >
    <item name="License Group resource calls" url="Operations/License_Group/LicenseGroupResourceCalls.htm" />
    <item name="GET: /licenseGroup" url="Operations/License_Group/GETlicenseGroup.htm" />
  </book>
  <book name="Property" >
    <item name="Property resource calls" url="Operations/Property/PropertyResourceCalls.htm" />
    <item name="GET: /property" url="Operations/Property/GETproperty.htm" />
    <item name="GET: /property/{id}" url="Operations/Property/GETpropertyId.htm" />
  </book>
  <book name="Reason List" >
    <item name="Reason List resource calls" url="Operations/Reason_List/ReasonListResourceCalls.htm" />
    <item name="GET: /reasonList/{id}/reason" url="Operations/Reason_List/GETreasonListIdReason.htm" />
  </book>
  <book name="ServerAction" >
    <item name="Server Action resource calls" url="Operations/ServerAction/ServerActionResourceCalls.htm" />
    <item name="POST: /serverAction" url="Operations/ServerAction/POSTserverAction.htm" />
  </book>
  <book name="Task" >
    <item name="Task resource calls" url="Operations/Task/TaskResourceCalls.htm" />
    <item name="GET: /task/{id}" url="Operations/Task/GETtaskId.htm" />
    <item name="GET: /task/{id}/comment" url="Operations/Task/GETtaskIdComment.htm" />
    <item name="POST: /task/{id}/comment" url="Operations/Task/POSTtaskIdComment.htm" />
    <item name="POST: /task/{id}/completeAction" url="Operations/Task/POSTtaskIdCompleteAction.htm" />
    <item name="POST: /task/{id}/returnAction" url="Operations/Task/POSTtaskIdReturnAction.htm" />
  </book>
  <book name="User" >
    <item name="User resource calls" url="Operations/User/UserResourceCalls.htm" />
    <item name="GET: /user" url="Operations/User/GETuser.htm" />
    <item name="GET: /user/group" url="Operations/User/GETuserGroup.htm" />
  </book>
  <book name="View" >
    <item name="View resource calls" url="Operations/View/ViewResourceCalls.htm" />
    <item name="GET: /view" url="Operations/View/GETview.htm" />
    <item name="GET: /view/{id}" url="Operations/View/GETviewId.htm" />
    <item name="POST: /view/result" url="Operations/View/POSTviewIdRefreshResult.htm" />
    <item name="POST: /view/{id}/result" url="Operations/View/POSTviewIdResult.htm" />
    <item name="POST: /view/{viewId}/filter/{filterId}/result" url="Operations/View/POSTviewViewIdFilterFilterIdResult.htm" />
  </book>
  <book name="Workflow Item" >
    <item name="Workflow Item resource calls" url="Operations/Workflow_Item/WorkflowItemResourceCalls.htm" />
    <item name="DELETE: /workflowItem/{id}" url="Operations/Workflow_Item/DELETEworkflowItemId.htm" />
    <item name="GET: /workflowItem/{id}" url="Operations/Workflow_Item/GETworkflowItemId.htm" />
    <item name="POST: /workflowItem" url="Operations/Workflow_Item/POSTworkflowItem.htm" />
    <item name="POST: workflowItem/{id}/routingAction" url="Operations/Workflow_Item/POSTworkflowItemIdRoutingAction.htm" />
    <item name="PUT: /workflowItem/{id}/hold" url="Operations/Workflow_Item/PUTworkflowItemIdHold.htm" />
    <item name="PUT: /workflowItem/{id}/state" url="Operations/Workflow_Item/PUTworkflowItemIdState.htm" />
  </book>
  <book name="Workflow Queue" >
    <item name="Workflow Queue resource calls" url="Operations/Workflow_Queue/WorkflowQueueResourceCalls.htm" />
    <item name="GET: /workflowQueue" url="Operations/Workflow_Queue/GETqueue.htm" />
    <item name="GET: /workflowQueue/{id}" url="Operations/Workflow_Queue/GETqueueId.htm" />
    <item name="GET: /workflowQueue/{id}/form" url="Operations/Workflow_Queue/GETworkflowQueueIdForm.htm" />
    <item name="GET: /workflowQueue/{id}/forwardRoute" url="Operations/Workflow_Queue/GETqueueIdForwardRoute.htm" />
  </book>
</book>
<book name="Properties" >
  <item name="Property types and enumerations" url="Properties/PropertyTypesAndEnumerations.htm" />
</book>
<book name="Reference" >
  <item name="Data types" url="Reference/DataTypes.htm" />
  <item name="Request headers" url="Reference/CommonRequestHeaders.htm" />
  <item name="Response headers and status codes" url="Reference/ResponseHeadersStatusCodes.htm" />
  <item name="Error messages" url="Reference/ErrorMessages.htm" />
</book>
<book name="VSL" >
  <item name="What is VSL?" url="VSL/WhatIsVSL.htm" />
  <item name="VSL statement syntax" url="VSL/VSLStatementSyntax.htm" />
  <item name="VSL property constraints" url="VSL/VSLCommands.htm" />
</book>

</tocdata>
