﻿<?xml version='1.0' encoding='utf-8' ?>
<!-- saved from url=(0014)about:internet -->
<resource>
  <element name="Prev" value="&lt;&lt;" />
  <element name="Hide" value="Hide" />
  <element name="AboutBoxHelpID" value="Help ID:" />
  <element name="RecieveCommentFromServerStartMsg" value="Receiving comments..." />
  <element name="UpdatingCommentsForUserMessage" value="Sending comments..." />
  <element name="NewestOnBottomLabel" value="Newest on Bottom" />
  <element name="ViewAcceptedComments" value="View Accepted" />
  <element name="BrowseSeqPrintProgressMsg" value="Loading topics for printing..." />
  <element name="ProgressBarTitle" value="Please wait..." />
  <element name="AnonymousDlgText" value="Anonymous comments will be visible if they are accepted. Do you want to post comments anonymously?" />
  <element name="LoginFailureTitle" value="Authentication" />
  <element name="PrintThisCategory" value="Print this Category" />
  <element name="DeleteCommentButtonToolTip" value="Delete selected Comment" />
  <element name="SendToFileMenu" value="Send to File" />
  <element name="FileError" value="Error while accessing shared comment file" />
  <element name="Logo/Author" value="Powered By" />
  <element name="ErrorMsgTitle" value="Error" />
  <element name="GoOnline" value="go online" />
  <element name="RSSUnReadLabel" value="Unread" />
  <element name="RSSReadLabel" value="Read" />
  <element name="NoUpdatePresent" value="No Update is available" />
  <element name="ForwardButtonToolTip" value="Forward" />
  <element name="DeleteCommentButton" value="Delete" />
  <element name="Next" value="&gt;&gt;" />
  <element name="SyncToc" value="SyncToc" />
  <element name="CommentBoxSortCommentButton" value="Sort" />
  <element name="CommentBoxShowCommentButton" value="Show" />
  <element name="CommentBoxShowReviewerMenu" value="Reviewer" />
  <element name="CommentBoxSendServerMessage" value="Comments sent to the shared location" />
  <element name="PreferenceDlgAutoImportCommentsOnSignin" value="Receive comments from server on signin" />
  <element name="RememberMe" value="Remember Me" />
  <element name="DownloadingUpdate" value="Downloading Updates..." />
  <element name="OpenInBrowser" value="Open in Browser" />
  <element name="NewFolderName" value="New Folder" />
  <element name="FavoriteDeleteTopic" value="Delete" />
  <element name="PrintEntireHelpString" value="Do you want to print all the topics?" />
  <element name="PreferenceDlgShowBreadCrumb" value="Show Breadcrumbs" />
  <element name="SaveCommentText" value="Add Comments:" />
  <element name="SendToServerMenu" value="Send to Server" />
  <element name="CommentBoxDeleteCommentButton" value="Delete" />
  <element name="CommentBoxInvalidXML" value="Invalid XML file" />
  <element name="ContentCategoryList" value="Select a content category" />
  <element name="ViewALLComments" value="View All" />
  <element name="CurrentOfflineText" value="Currently working offline" />
  <element name="View" value="View" />
  <element name="ViewerDialogYesButton" value="Yes" />
  <element name="IndexSearchText" value="Type in keywords to search" />
  <element name="OpenInNewTab" value="Open in new tab" />
  <element name="ViewerDialogCancelButton" value="Cancel" />
  <element name="BackButtonToolTip" value="Back" />
  <element name="Seperate" value=" |" />
  <element name="CommentBoxShowTopicMenu" value="Topic" />
  <element name="CommentBoxFileError" value="Error while accessing shared comment file" />
  <element name="CommentBoxCommentTitle" value="Comments" />
  <element name="PreferenceBoxDialogTitle" value="Preferences" />
  <element name="AboutBoxDialogTitle" value="About" />
  <element name="RequireWritePermission" value="Moderator should have write permissions on the shared folder." />
  <element name="ViewPendingComments" value="View Pending" />
  <element name="CommentsBy" value="Comments By:" />
  <element name="PreferenceDlgAutoImportCommentsOnLaunch" value="Receive comments from shared folder" />
  <element name="Password" value="Password:" />
  <element name="AuthenticateTitle" value="Authenticate" />
  <element name="CloseAppButton" value="Close" />
  <element name="MarkAsRead" value="Mark as Read" />
  <element name="FavoriteAddFolderTopic" value="Add Folder" />
  <element name="GlossaryBoxTitle" value="Glossary" />
  <element name="LoadingNewTabMsg" value="Loading..." />
  <element name="PreferenceDlgCheckForUpdate" value="Check for Updates" />
  <element name="SaveCommentTextToolTip" value="Write Comments you want to add" />
  <element name="AddCommentHereText" value="Add Comments here" />
  <element name="AddCommentButtonToolTip" value="Show/hide add comment box" />
  <element name="InvalidXML" value="Invalid XML file" />
  <element name="SendCommentsServerMessage" value="Comments sent to the server" />
  <element name="AboutDescription" value="Description:" />
  <element name="Contents" value="Contents" />
  <element name="CommentBoxAddCommentHereText" value="Add Comments here" />
  <element name="CommentBoxSendRcvCommentButtonToolTip" value="Send and Receive Comments" />
  <element name="CommentBoxAddCommentButton" value="Add" />
  <element name="EnableModeration" value="Show Moderation Pod" />
  <element name="Anonymous" value="Anonymous" />
  <element name="OnlyAccepted" value="Accepted" />
  <element name="StartModeration" value="Import" />
  <element name="AddNewFavoriteMenu" value="Add Link" />
  <element name="SearchTextInputToolTip" value="Enter text to search" />
  <element name="DeleteButtonTitle" value="Delete" />
  <element name="PrintAlertTitle" value="Print" />
  <element name="PreferenceDlgReviewerName" value="Reviewer Name" />
  <element name="PreferenceDlgAutoUpdateContent" value="Auto Update Content" />
  <element name="PreferenceDialogCommentsDeleteMsg" value="Do you want to delete all the comments?" />
  <element name="PrintSequence" value="Print Sequence" />
  <element name="AddToFavoriteMenuItem" value="Add to Links" />
  <element name="ShowDateMenu" value="Date" />
  <element name="AboutHelpID" value="Help ID:" />
  <element name="AboutButtonTitle" value="About" />
  <element name="Disabled Prev" value="&lt;&lt;" />
  <element name="Glossary" value="Glossary" />
  <element name="Search" value="Search" />
  <element name="CommentBoxSortCommentButtonToolTip" value="Sort Comments based on" />
  <element name="CommentBoxShowCommentButtonToolTip" value="Show Comments based on" />
  <element name="CommentBoxSyncMessage" value="Send/Receive for comments completed" />
  <element name="AboutBoxVersionID" value="Version ID:" />
  <element name="SyncCommentsFromServerMsg" value="Send/Receive for comments completed." />
  <element name="SortByDate" value="Sort by Date" />
  <element name="Accept" value="Accept" />
  <element name="NewBookmarkName" value="Link Name" />
  <element name="FavoriteBoxTitle" value="Favorites" />
  <element name="PreferenceDialogCommentTabTitle" value="Comment" />
  <element name="PrintThisPage" value="Print this Page" />
  <element name="SyncMessage" value="Send/Receive for comments completed" />
  <element name="ModerationPodTitle" value="Moderation" />
  <element name="SyncModerationFromServerMsg" value="Send/Receive for comments completed." />
  <element name="SignOut" value="Sign Out" />
  <element name="PreferenceDlgCommentSyncLocation" value="Folder Location:" />
  <element name="PreferenceDlgChkCommentLocation" value="Use default location to sync comments" />
  <element name="PreferenceDialogBrowseButtonTitle" value="Browse" />
  <element name="FavoriteDeleteButton" value="Delete" />
  <element name="EditOption" value="Edit" />
  <element name="PreferenceDlgDeleteAllComments" value="Delete all Comments" />
  <element name="SendRcvCommentButtonToolTip" value="Send and Receive Comments" />
  <element name="ConnectionError" value="Cannot access shared location for comments" />
  <element name="Disabled Next" value="&gt;&gt;" />
  <element name="SelectAuthor" value="Select Author" />
  <element name="UpdateAvailable" value="An Update is available. Do you want to update now?" />
  <element name="NoUpdateLocationSpecified" value="Update location is not present" />
  <element name="NewRSSFeedURL" value="RSS Feed URL:" />
  <element name="FavoriteRenameTopic" value="Rename" />
  <element name="FavoriteDisplayTopic" value="Display" />
  <element name="SearchResultDefaultBookmark" value="Search Results for " />
  <element name="PreferenceDlgShowBrowseSequence" value="Show Browse Sequence" />
  <element name="PreferenceDlgOpenInNewTab" value="Open Help topics in new tab" />
  <element name="AboutVersionID" value="Version ID:" />
  <element name="CommentBoxCommentsAddEmptyError" value="Cannot add empty comments" />
  <element name="FavoriteDeleteButtonTitle" value="Delete" />
  <element name="ViewRejectedComments" value="View Rejected" />
  <element name="ConfirmDelete" value="Do you want to delete the comment?" />
  <element name="LoginFailedErrorMsg" value="Login failed. Try again." />
  <element name="PrintNotAllowedWariningMsg" value="Cannot print the following topics. Do you want to continue?" />
  <element name="ServerSyncRequiredButtonLabel" value="Synchronize Now" />
  <element name="Update" value="Update" />
  <element name="Author" value="Author" />
  <element name="PreviewMode" value="Preview Mode" />
  <element name="InstallationStarted" value="Starting Installation..." />
  <element name="ErrorInDownloadingUpdate" value="Error encountered while downloading" />
  <element name="FavoriteInvalidNameError" value="Invalid Name" />
  <element name="FeedsButtonTitle" value="RSS Feeds" />
  <element name="GlossaryDefinitionBoxTitle" value="Glossary Definition" />
  <element name="IndexBoxTitle" value="Index" />
  <element name="TOCBoxTitle" value="Contents" />
  <element name="ShowReviewerMenu" value="Reviewer" />
  <element name="CommentBoxSendRcvCommentButton" value="Send and Receive" />
  <element name="CommentBoxAddCommentButtonToolTip" value="Toggle comments box" />
  <element name="CommentBoxSaveXMLFileDlg" value="Save Comments XML File" />
  <element name="CommentDateTimeFormatter" value="DD/MM/YYYY, JJ:NN" />
  <element name="NewestOnTopLabel" value="Newest on Top" />
  <element name="WelcomeUserOnSign" value="Welcome %1" />
  <element name="OnlyPending" value="Pending" />
  <element name="GenericDeleteMsg" value="Do you want to delete selected item?" />
  <element name="MinimizeAppButton" value="Minimize" />
  <element name="NewBookmarkURL" value="Link URL" />
  <element name="NewRSSFeedName" value="RSS Feed Name:" />
  <element name="PreferenceDlgCheckUpdateButton" value="Check Now" />
  <element name="CannotImportFileError" value="Cannot import from file " />
  <element name="ReceiveFromFileMenu" value="Receive from File" />
  <element name="AboutDialogTitle" value="About" />
  <element name="CommentBoxSaveCommentText" value="Add Comments:" />
  <element name="CommentBoxShowCommentForCurrentTopic" value="Comments for Topic" />
  <element name="CommentBoxSendToFileMenu" value="Send to File" />
  <element name="CommentBoxReceiveServerMessage" value="Comments received from the shared location" />
  <element name="CommentsNotFoundMsg" value="No comments found" />
  <element name="CurrentOnlineText" value="Currently working online" />
  <element name="OnlyNew" value="New" />
  <element name="Username" value="User Name:" />
  <element name="Delete" value="Delete" />
  <element name="RejectAll" value="Reject All" />
  <element name="CurrentTopic" value="Comments for Current Topic" />
  <element name="RSSRefreshLabel" value="Refresh" />
  <element name="ErrorWhileUpdating" value="Error occurred while updating" />
  <element name="ErrorInInstallingUpdate" value="Error encountered during installation" />
  <element name="MaximizeAppButton" value="Maximize" />
  <element name="NewRSSFeedDlgTitle" value="Add New RSS Feed" />
  <element name="LinksButtonTitle" value="Links" />
  <element name="ViewerDialogOKButton" value="OK" />
  <element name="PreferenceDialogAllCommentsDeleted" value="All Comments are deleted" />
  <element name="SaveButtonToolTip" value="Click to add comments to database" />
  <element name="SendRcvCommentButton" value="Send and Receive" />
  <element name="CommentTitle" value="Comments" />
  <element name="CommentFileMismatchError" value="Help ID does not match, cannot import comments" />
  <element name="ShowCommentShowAllMenuItem" value="All" />
  <element name="CommentsAddEmptyError" value="Cannot add empty comments" />
  <element name="Show" value="Show" />
  <element name="CommentBoxDeleteCommentButtonToolTip" value="Delete selected Comment" />
  <element name="CommentBoxRecieveFromFileMenu" value="Receive from File" />
  <element name="CommentBoxSendToServerMenu" value="Send to Server" />
  <element name="CommentDateFormatter" value="DD/MM/YYYY" />
  <element name="EntireHelpPrintProgressMsg" value="Loading topic %1 of %2 topics..." />
  <element name="CommentsModeToolTip" value="Switch to Comments Mode" />
  <element name="ClickHere" value="Click here to" />
  <element name="LoginFailure" value="Incorrect password" />
  <element name="UpdateAvailableWithVersion" value="An Update to version %s is available. Do you want to update now?" />
  <element name="NewBookmarkDlgTitle" value="Add New Link" />
  <element name="NewSearchTabTitle" value="Search Results" />
  <element name="PreferenceDlgUseOfflineHelp" value="Use Offline Help" />
  <element name="PreferenceDialogContentTabTitle" value="General" />
  <element name="CommentPodToggleToolTip" value="Toggle Comments pod" />
  <element name="FavoritesTopMenuToolTip" value="Add or View Favorites" />
  <element name="ShowHideButtonToolTip" value="Show/Hide" />
  <element name="SearchButtonTitle" value="Search" />
  <element name="SearchButtonToolTip" value="Press Ctrl+Enter to open search results in new tab" />
  <element name="AddCommentButton" value="Add" />
  <element name="SendCommentsFileMessage" value="Comments sent to the shared location" />
  <element name="CommentBoxSaveCommentTextToolTip" value="Write Comments you want to add" />
  <element name="SendCommentToServerStartMsg" value="Sending comments..." />
  <element name="PreferenceDialogBrowseCommentSyncLocation" value="Select the location to store comments:" />
  <element name="ModerationModeToolTip" value="Switch to Moderation Mode" />
  <element name="GoOffline" value="go offline" />
  <element name="OnlyRejected" value="Rejected" />
  <element name="AllStatus" value="All Status" />
  <element name="AllAuthors" value="All Authors" />
  <element name="ViewerDialogNoButton" value="No" />
  <element name="NewUpdateAvailableMsg" value="New Update" />
  <element name="CheckingforUpdateMsg" value="Checking for Updates..." />
  <element name="MarkAsUnread" value="Mark as Unread" />
  <element name="OpenURL" value="Open URL" />
  <element name="FavoriteAlredyExists" value="already exists in Favorites" />
  <element name="FavoriteMessageTitle" value="Favorites" />
  <element name="FavoriteAddRSSFeed" value="Add RSS Feed" />
  <element name="ReceiveCommentsFileMessage" value="Comments received from the shared location" />
  <element name="Index" value="Index" />
  <element name="CommentBoxSaveButton" value="Save" />
  <element name="CommentBoxCommentFileMismatchError" value="Help ID does not match,  cannot import comments" />
  <element name="FavoriteAddFolder" value="Add Folder" />
  <element name="FavoriteFeedsButtonTitle" value="RSS Feeds" />
  <element name="newFolderName" value="New Folder" />
  <element name="PrintEntireHelpConfirmation" value="Do you want to print all the topics?" />
  <element name="LoadingCommentsForUserMessage" value="Receiving comments..." />
  <element name="Reject" value="Reject" />
  <element name="Date" value="Date" />
  <element name="CommentText" value="Comment" />
  <element name="PreferenceDlgHighLightSearch" value="Highlight search results" />
  <element name="CommentImportFileDlgTitle" value="Select Comment XML File to Import" />
  <element name="EditRSSFeedDlgTitle" value="Edit RSS Feed" />
  <element name="BrowseSequenceBoxTitle" value="How Do I" />
  <element name="ErrorShowingHelpFile" value="Error in accessing help file" />
  <element name="PrefTitle" value="Preferences" />
  <element name="ViewFavoriteMenuItem" value="View Favorites" />
  <element name="ReceiveCommentsServerMessage" value="Comments received from the server" />
  <element name="CommentShowCurrentMenuItem" value="Current" />
  <element name="CommentBoxShowCommentReviewerMenu" value="Comments by Reviewer" />
  <element name="CommentBoxShowDateMenu" value="Date" />
  <element name="CommentBoxRecieveFromServerMenu" value="Receive from Server" />
  <element name="CommentBoxConnectionError" value="Cannot access shared location for comments" />
  <element name="SelectStatus" value="Select Status" />
  <element name="SignIn" value="Sign In" />
  <element name="ErrorServerConnection" value="Error while connecting to the server. Check the Internet connection and try again." />
  <element name="WrongPassword" value="Incorrect password. Try again." />
  <element name="AcceptAll" value="Accept All" />
  <element name="AsAnonymous" value="As Anonymous" />
  <element name="RSSNoneLabel" value="None" />
  <element name="PreferenceDlgDeleteCommentButton" value="Delete All" />
  <element name="PrintEntireHelp" value="Print entire Help" />
  <element name="SaveButton" value="Save" />
  <element name="SaveXMLFileDlg" value="Save Comments XML File" />
  <element name="PreferenceButtonTitle" value="Preferences" />
  <element name="CommentBoxSaveButtonToolTip" value="Click to add comments to database" />
  <element name="CommentShowAllMenuItem" value="All" />
  <element name="AboutBoxDescription" value="Description:" />
  <element name="FavoriteLinksButtonTitle" value="Links" />
  <element name="Favorites" value="Favorites" />
  <element name="ModerationRightsNotPresent" value="Administrator rights are required to show Moderation pod" />
  <element name="ShowBy" value="Show by " />
  <element name="EndModeration" value="Export" />
  <element name="Status" value="Status" />
  <element name="AllTopics" value="Comments for All Topics" />
  <element name="RSSSelectLabel" value="Select:" />
  <element name="UpdateMsgTitle" value="Auto Update" />
  <element name="SearchResultError" value="No search results found" />
  <element name="EditBookmarkDlgTitle" value="Edit Link" />
  <element name="ServerConnectionError" value="No connection available to server, switching to offline mode" />
  <element name="PreferenceDlgUseLoginName" value="Always use Log-in name for Reviewer name" />
  <element name="PreferenceDialogUserNameError" value="Please specify valid reviewer name" />
  <element name="PrintMenuOptionsToolTip" value="Print Menu" />
  <element name="ReceiveFromServerMenu" value="Receive from Server" />
</resource>

